Date,P/L,Amt,,
03-02-2015,22620.51,422620.51,,
04-02-2015,38760.57,461381.08,,
05-02-2015,1922.632,463303.712,,
06-02-2015,15473.67,478777.382,,
09-02-2015,-2300,476477.382,,
10-02-2015,14436.14,490913.522,,
11-02-2015,9344.345,500257.867,,
12-02-2015,-6900,493357.867,,
13-02-2015,-9200,484157.867,,
16-02-2015,2659.384,486817.251,,
18-02-2015,-6066.45,480750.801,,
19-02-2015,-4016.32,476734.481,,
20-02-2015,5100.296,481834.777,,
23-02-2015,21403.14,503237.917,,
25-02-2015,8354.395,511592.312,,
27-02-2015,-9200,502392.312,,
02-03-2015,-6585.61,495806.702,,
03-03-2015,-602.053,495204.649,,
04-03-2015,-9200,486004.649,,
05-03-2015,-4600,481404.649,,
09-03-2015,-2300,479104.649,,
10-03-2015,17906.56,497011.209,,
11-03-2015,-1343.53,495667.679,,
12-03-2015,-7636.75,488030.929,,
13-03-2015,50224.68,538255.609,,
16-03-2015,-9200,529055.609,,
17-03-2015,-6900,522155.609,,
18-03-2015,5396.644,527552.253,,
19-03-2015,18564.83,546117.083,,
20-03-2015,16725.28,562842.363,,
23-03-2015,-4600,558242.363,,
24-03-2015,1034.752,559277.115,,
25-03-2015,9696.532,568973.647,,
27-03-2015,18122.38,587096.027,,
30-03-2015,-6900,580196.027,,
31-03-2015,35127.81,615323.837,,
01-04-2015,-2300,613023.837,,
06-04-2015,8781.254,621805.091,,
07-04-2015,8319.529,630124.62,,
08-04-2015,-654.362,629470.258,,
09-04-2015,-6900,622570.258,,
10-04-2015,9252.302,631822.56,,
13-04-2015,17448.9,649271.46,,
15-04-2015,13173.76,662445.22,,
16-04-2015,12142.32,674587.54,,
17-04-2015,-2300,672287.54,,
20-04-2015,-4600,667687.54,,
21-04-2015,12154.74,679842.28,,
22-04-2015,-6900,672942.28,,
23-04-2015,25766.9,698709.18,,
24-04-2015,10434.61,709143.79,,
27-04-2015,-2300,706843.79,,
29-04-2015,-1773.18,705070.61,,
30-04-2015,-4600,700470.61,,
04-05-2015,3685.379,704155.989,,
05-05-2015,3610.27,707766.259,,
06-05-2015,3897.787,711664.046,,
07-05-2015,-4600,707064.046,,
08-05-2015,-4600,702464.046,,
11-05-2015,3146.067,705610.113,,
12-05-2015,3900.818,709510.931,,
13-05-2015,-6900,702610.931,,
14-05-2015,-2300,700310.931,,
15-05-2015,-9200,691110.931,,
18-05-2015,-4600,686510.931,,
19-05-2015,-4600,681910.931,,
20-05-2015,18210.52,700121.451,,
21-05-2015,1321.708,701443.159,,
22-05-2015,-6900,694543.159,,
25-05-2015,5945.496,700488.655,,
26-05-2015,-2300,698188.655,,
28-05-2015,2268.704,700457.359,,
29-05-2015,-6900,693557.359,,
01-06-2015,3093.404,696650.763,,
02-06-2015,-2300,694350.763,,
03-06-2015,15312.25,709663.013,,
04-06-2015,-4110.72,705552.293,,
05-06-2015,6181.497,711733.79,,
09-06-2015,-2300,709433.79,,
10-06-2015,4454.076,713887.866,,
11-06-2015,69170.47,783058.336,,
15-06-2015,-2642.14,780416.196,,
16-06-2015,-4639.22,775776.976,,
17-06-2015,-811.875,774965.101,,
18-06-2015,-6900,768065.101,,
19-06-2015,1067.948,769133.049,,
22-06-2015,-4981.35,764151.699,,
23-06-2015,-5041.71,759109.989,,
24-06-2015,28359.63,787469.619,,
25-06-2015,-4600,782869.619,,
26-06-2015,7160.672,790030.291,,
30-06-2015,2647.346,792677.637,,
01-07-2015,7623.324,800300.961,,
02-07-2015,929.0926,801230.0536,,
03-07-2015,7504.612,808734.6656,,
07-07-2015,-4600,804134.6656,,
08-07-2015,-453.92,803680.7456,,
09-07-2015,-6900,796780.7456,,
10-07-2015,-4600,792180.7456,,
13-07-2015,-6900,785280.7456,,
14-07-2015,-30.4068,785250.3388,,
15-07-2015,-4600,780650.3388,,
16-07-2015,10285.23,790935.5688,,
17-07-2015,-2300,788635.5688,,
20-07-2015,-1884.37,786751.1988,,
21-07-2015,-2300,784451.1988,,
22-07-2015,-4600,779851.1988,,
23-07-2015,-2317.52,777533.6788,,
24-07-2015,18578.95,796112.6288,,
27-07-2015,-4600,791512.6288,,
28-07-2015,18995.22,810507.8488,,
29-07-2015,-9200,801307.8488,,
30-07-2015,-2314.79,798993.0588,,
31-07-2015,-3108.49,795884.5688,,
03-08-2015,11673.93,807558.4988,,
04-08-2015,19387.62,826946.1188,,
05-08-2015,7264.677,834210.7958,,
06-08-2015,1856.238,836067.0338,,
07-08-2015,-5235.76,830831.2738,,
10-08-2015,3846.08,834677.3538,,
11-08-2015,11683.96,846361.3138,,
13-08-2015,13844.05,860205.3638,,
14-08-2015,-2886.38,857318.9838,,
17-08-2015,-4600,852718.9838,,
18-08-2015,44178.51,896897.4938,,
19-08-2015,14594.18,911491.6738,,
20-08-2015,20233.6,931725.2738,,
21-08-2015,-2300,929425.2738,,
25-08-2015,14520.18,943945.4538,,
26-08-2015,-4600,939345.4538,,
27-08-2015,-6900,932445.4538,,
28-08-2015,-9200,923245.4538,,
31-08-2015,6759.626,930005.0798,,
01-09-2015,14500.93,944506.0098,,
02-09-2015,1694.743,946200.7528,,
03-09-2015,-6900,939300.7528,,
04-09-2015,15679.29,954980.0428,,
07-09-2015,33094.22,988074.2628,,
08-09-2015,-6900,981174.2628,,
09-09-2015,-7342.5,973831.7628,,
11-09-2015,8843.03,982674.7928,,
14-09-2015,-4600,978074.7928,,
15-09-2015,6792.384,984867.1768,,
16-09-2015,-4600,980267.1768,,
18-09-2015,-6900,973367.1768,,
21-09-2015,-6900,966467.1768,,
22-09-2015,2041.456,968508.6328,,
24-09-2015,-2601.28,965907.3528,,
28-09-2015,-6900,959007.3528,,
30-09-2015,-3975.32,955032.0328,,
01-10-2015,3281.715,958313.7478,,
05-10-2015,-6900,951413.7478,,
06-10-2015,4084.126,955497.8738,,
07-10-2015,1304.096,956801.9698,,
08-10-2015,425.901,957227.8708,,
09-10-2015,12600.1,969827.9708,,
12-10-2015,-4600,965227.9708,,
13-10-2015,-2300,962927.9708,,
15-10-2015,-4183.46,958744.5108,,
16-10-2015,1026.119,959770.6298,,
19-10-2015,9216.627,968987.2568,,
20-10-2015,1299.47,970286.7268,,
21-10-2015,181.122,970467.8488,,
23-10-2015,8148.647,978616.4958,,
26-10-2015,-4600,974016.4958,,
29-10-2015,4517.077,978533.5728,,
30-10-2015,-1376.1,977157.4728,,
02-11-2015,-3267.32,973890.1528,,
03-11-2015,3021.268,976911.4208,,
04-11-2015,12041.37,988952.7908,,
06-11-2015,280.8214,989233.6122,,
13-11-2015,-4600,984633.6122,,
16-11-2015,-2300,982333.6122,,
17-11-2015,4393.388,986727.0002,,
19-11-2015,17877.47,1004604.47,,
20-11-2015,4811.471,1009415.941,,
23-11-2015,-158.171,1009257.77,,
24-11-2015,3166.724,1012424.494,,
26-11-2015,-6900,1005524.494,,
27-11-2015,2521.131,1008045.625,,
01-12-2015,-3300.26,1004745.365,,
02-12-2015,-1410.47,1003334.895,,
03-12-2015,19814.47,1023149.365,,
07-12-2015,-5332.41,1017816.955,,
08-12-2015,-2300,1015516.955,,
09-12-2015,-2300,1013216.955,,
10-12-2015,-4600,1008616.955,,
11-12-2015,21659.58,1030276.535,,
14-12-2015,-3205.56,1027070.975,,
15-12-2015,-483.693,1026587.282,,
16-12-2015,-616.058,1025971.224,,
17-12-2015,-492.397,1025478.827,,
21-12-2015,-6900,1018578.827,,
22-12-2015,-9200,1009378.827,,
23-12-2015,16902.05,1026280.877,,
24-12-2015,18399.86,1044680.737,,
29-12-2015,8432.518,1053113.255,,
30-12-2015,-2300,1050813.255,,
31-12-2015,-2300,1048513.255,,
05-01-2016,-1380.73,398619.27,,
06-01-2016,5198.488,403817.758,,
08-01-2016,-1349.78,402467.978,,
12-01-2016,-6900,395567.978,,
13-01-2016,-6900,388667.978,,
15-01-2016,63927.82,452595.798,,
19-01-2016,-2300,450295.798,,
20-01-2016,-2300,447995.798,,
21-01-2016,10101.73,458097.528,,
22-01-2016,-3402.54,454694.988,,
25-01-2016,-6900,447794.988,,
27-01-2016,4420.834,452215.822,,
29-01-2016,-9200,443015.822,,
01-02-2016,18316.06,461331.882,,
02-02-2016,48585.36,509917.242,,
04-02-2016,37801.11,547718.352,,
05-02-2016,-494.617,547223.735,,
08-02-2016,5907.389,553131.124,,
10-02-2016,24447.04,577578.164,,
11-02-2016,1987.508,579565.672,,
12-02-2016,-4600,574965.672,,
15-02-2016,-2671.03,572294.642,,
16-02-2016,9852.315,582146.957,,
17-02-2016,-4600,577546.957,,
18-02-2016,-6900,570646.957,,
22-02-2016,8180.834,578827.791,,
23-02-2016,9473.281,588301.072,,
25-02-2016,30909.86,619210.932,,
26-02-2016,-1744,617466.932,,
29-02-2016,11339.96,628806.892,,
01-03-2016,-4600,624206.892,,
02-03-2016,-6900,617306.892,,
03-03-2016,-6900,610406.892,,
04-03-2016,-4600,605806.892,,
08-03-2016,3971.183,609778.075,,
10-03-2016,21417.81,631195.885,,
11-03-2016,4829.23,636025.115,,
14-03-2016,-1299.44,634725.675,,
16-03-2016,3149.459,637875.134,,
17-03-2016,10816.71,648691.844,,
18-03-2016,-8129.17,640562.674,,
21-03-2016,-6940.02,633622.654,,
22-03-2016,-1038.45,632584.204,,
23-03-2016,-827.635,631756.569,,
28-03-2016,9889.792,641646.361,,
29-03-2016,-2300,639346.361,,
30-03-2016,-9200,630146.361,,
31-03-2016,-2072.88,628073.481,,
04-04-2016,2033.629,630107.11,,
05-04-2016,11655.64,641762.75,,
06-04-2016,-6900,634862.75,,
07-04-2016,45702.91,680565.66,,
11-04-2016,2625.845,683191.505,,
12-04-2016,-3505.46,679686.045,,
13-04-2016,-61.5095,679624.5355,,
18-04-2016,-2894.36,676730.1755,,
20-04-2016,-4600,672130.1755,,
21-04-2016,8332.672,680462.8475,,
22-04-2016,-6900,673562.8475,,
25-04-2016,6966.342,680529.1895,,
27-04-2016,-4600,675929.1895,,
28-04-2016,6835.096,682764.2855,,
29-04-2016,-294.732,682469.5535,,
02-05-2016,-1585.72,680883.8335,,
03-05-2016,-9200,671683.8335,,
05-05-2016,3583.617,675267.4505,,
09-05-2016,4057.242,679324.6925,,
10-05-2016,-4600,674724.6925,,
12-05-2016,-698.241,674026.4515,,
13-05-2016,-3049.9,670976.5515,,
16-05-2016,-6900,664076.5515,,
17-05-2016,98.20459,664174.7561,,
18-05-2016,6095.35,670270.1061,,
19-05-2016,-2300,667970.1061,,
20-05-2016,3658.16,671628.2661,,
23-05-2016,24613.81,696242.0761,,
24-05-2016,-4600,691642.0761,,
25-05-2016,-6900,684742.0761,,
26-05-2016,-3400.04,681342.0361,,
27-05-2016,2853.927,684195.9631,,
30-05-2016,1375.629,685571.5921,,
31-05-2016,4806.062,690377.6541,,
01-06-2016,6497.139,696874.7931,,
02-06-2016,-4600,692274.7931,,
03-06-2016,-746.011,691528.7821,,
06-06-2016,-6900,684628.7821,,
07-06-2016,-6900,677728.7821,,
08-06-2016,625.2162,678353.9983,,
09-06-2016,12105.03,690459.0283,,
10-06-2016,-4600,685859.0283,,
14-06-2016,-9200,676659.0283,,
15-06-2016,7794.627,684453.6553,,
17-06-2016,-4600,679853.6553,,
21-06-2016,6068.146,685921.8013,,
22-06-2016,17551.18,703472.9813,,
23-06-2016,16476.54,719949.5213,,
27-06-2016,496.0191,720445.5404,,
28-06-2016,13781.29,734226.8304,,
29-06-2016,-6522.35,727704.4804,,
30-06-2016,2927.362,730631.8424,,
01-07-2016,-2896.8,727735.0424,,
04-07-2016,22276.11,750011.1524,,
05-07-2016,21911.33,771922.4824,,
07-07-2016,25539.49,797461.9724,,
08-07-2016,3532.418,800994.3904,,
11-07-2016,-2679.86,798314.5304,,
12-07-2016,-2499.67,795814.8604,,
13-07-2016,9363.46,805178.3204,,
14-07-2016,4709.984,809888.3044,,
15-07-2016,17538.05,827426.3544,,
18-07-2016,1162.547,828588.9014,,
19-07-2016,-3822.38,824766.5214,,
20-07-2016,-4600,820166.5214,,
21-07-2016,5697.649,825864.1704,,
22-07-2016,21540.79,847404.9604,,
25-07-2016,-2087.96,845317.0004,,
26-07-2016,-6900,838417.0004,,
27-07-2016,25845.53,864262.5304,,
28-07-2016,17160.09,881422.6204,,
29-07-2016,5873.092,887295.7124,,
01-08-2016,16965.39,904261.1024,,
02-08-2016,28730.8,932991.9024,,
03-08-2016,-2300,930691.9024,,
04-08-2016,-1388.52,929303.3824,,
05-08-2016,-6900,922403.3824,,
08-08-2016,1211.161,923614.5434,,
09-08-2016,1630.251,925244.7944,,
10-08-2016,4526.965,929771.7594,,
11-08-2016,-2300,927471.7594,,
16-08-2016,-6900,920571.7594,,
17-08-2016,-6900,913671.7594,,
19-08-2016,-6900,906771.7594,,
23-08-2016,5608.374,912380.1334,,
24-08-2016,-6900,905480.1334,,
25-08-2016,19264.57,924744.7034,,
26-08-2016,-795.568,923949.1354,,
29-08-2016,-9200,914749.1354,,
30-08-2016,-5483.28,909265.8554,,
31-08-2016,21208.2,930474.0554,,
01-09-2016,-1600.8,928873.2554,,
02-09-2016,2354.632,931227.8874,,
06-09-2016,7353.095,938580.9824,,
07-09-2016,19343.8,957924.7824,,
08-09-2016,11569.91,969494.6924,,
09-09-2016,2436.837,971931.5294,,
14-09-2016,-6900,965031.5294,,
15-09-2016,-2300,962731.5294,,
16-09-2016,24376.9,987108.4294,,
19-09-2016,1434.805,988543.2344,,
20-09-2016,2825.321,991368.5554,,
21-09-2016,12716.28,1004084.835,,
22-09-2016,-6462.98,997621.8554,,
23-09-2016,-4600,993021.8554,,
26-09-2016,1052.777,994074.6324,,
27-09-2016,6214.471,1000289.103,,
28-09-2016,1700.16,1001989.263,,
29-09-2016,64627.8,1066617.063,,
30-09-2016,-2300,1064317.063,,
03-10-2016,-6900,1057417.063,,
04-10-2016,6805.082,1064222.145,,
05-10-2016,3009.612,1067231.757,,
06-10-2016,-9200,1058031.757,,
07-10-2016,8482.558,1066514.315,,
10-10-2016,7873.415,1074387.73,,
13-10-2016,4878.095,1079265.825,,
14-10-2016,-2300,1076965.825,,
17-10-2016,-6900,1070065.825,,
18-10-2016,-9200,1060865.825,,
19-10-2016,-4600,1056265.825,,
20-10-2016,-5450.46,1050815.365,,
21-10-2016,-2300,1048515.365,,
24-10-2016,3526.932,1052042.297,,
25-10-2016,342.7842,1052385.082,,
26-10-2016,607.9598,1052993.041,,
28-10-2016,-9200,1043793.041,,
01-11-2016,5001.847,1048794.888,,43520
03-11-2016,-2300,1046494.888,,
04-11-2016,10830.13,1057325.018,,
07-11-2016,-6900,1050425.018,,
08-11-2016,-5476.33,1044948.688,,
10-11-2016,-9200,1035748.688,,
11-11-2016,37769.83,1073518.518,,
16-11-2016,-4600,1068918.518,,
17-11-2016,1525.109,1070443.627,,
18-11-2016,-2300,1068143.627,,
21-11-2016,20220.4,1088364.027,,
22-11-2016,-9200,1079164.027,,
23-11-2016,-2300,1076864.027,,
24-11-2016,3765.419,1080629.446,,
25-11-2016,18641.06,1099270.506,,
28-11-2016,-4156.65,1095113.856,,
29-11-2016,6336.886,1101450.742,,
30-11-2016,14771.14,1116221.882,,
01-12-2016,14570.56,1130792.442,,
05-12-2016,-6900,1123892.442,,
06-12-2016,-3555.4,1120337.042,,
07-12-2016,-6900,1113437.042,,
08-12-2016,-4133.5,1109303.542,,
09-12-2016,-2300,1107003.542,,
12-12-2016,807.2316,1107810.774,,
13-12-2016,-112.906,1107697.868,,
14-12-2016,-4600,1103097.868,,
15-12-2016,6682.946,1109780.814,,
16-12-2016,3513.384,1113294.198,,
19-12-2016,-6900,1106394.198,,
20-12-2016,20632.13,1127026.328,,
21-12-2016,9814.127,1136840.455,,
23-12-2016,-2562.92,1134277.535,,
27-12-2016,-4600,1129677.535,,
28-12-2016,-2966.64,1126710.895,,
29-12-2016,-2300,1124410.895,,
30-12-2016,-6900,1117510.895,,
02-01-2017,-6600,393400,,
03-01-2017,-8800,384600,,
04-01-2017,7839.353,392439.353,,
05-01-2017,-8800,383639.353,,
06-01-2017,13613.72,397253.073,,
09-01-2017,8086.681,405339.754,,
10-01-2017,2943.847,408283.601,,
11-01-2017,-8800,399483.601,,
12-01-2017,16577.55,416061.151,,
13-01-2017,4516.906,420578.057,,
17-01-2017,12752.54,433330.597,,
18-01-2017,179.8989,433510.4959,,
19-01-2017,-2200,431310.4959,,
23-01-2017,1059.595,432370.0909,,
24-01-2017,2473.11,434843.2009,,
25-01-2017,18206.09,453049.2909,,
27-01-2017,-8800,444249.2909,,
30-01-2017,1362.232,445611.5229,,
31-01-2017,2350.616,447962.1389,,
01-02-2017,-6600,441362.1389,,
02-02-2017,246.8691,441609.008,,
03-02-2017,-6600,435009.008,,
06-02-2017,-1231.72,433777.288,,
07-02-2017,8750.052,442527.34,,
08-02-2017,-4813,437714.34,,
09-02-2017,12661.92,450376.26,,
10-02-2017,6698.756,457075.016,,
13-02-2017,-4400,452675.016,,
14-02-2017,-2863.75,449811.266,,
15-02-2017,2333.793,452145.059,,
16-02-2017,2374.244,454519.303,,
17-02-2017,4993.365,459512.668,,
20-02-2017,-2200,457312.668,,
21-02-2017,3218.719,460531.387,,
22-02-2017,11574.48,472105.867,,
23-02-2017,6667.342,478773.209,,
27-02-2017,-4400,474373.209,,
28-02-2017,12775.15,487148.359,,
01-03-2017,-6600,480548.359,,
02-03-2017,-8800,471748.359,,
06-03-2017,13986.79,485735.149,,
07-03-2017,29675.76,515410.909,,
08-03-2017,-2200,513210.909,,
10-03-2017,17336.02,530546.929,,
14-03-2017,-8800,521746.929,,
15-03-2017,-4245.78,517501.149,,
16-03-2017,-8800,508701.149,,
17-03-2017,2899.146,511600.295,,
20-03-2017,-3919.23,507681.065,,
21-03-2017,-4400,503281.065,,
23-03-2017,1024.208,504305.273,,
24-03-2017,-8800,495505.273,,
27-03-2017,6567.626,502072.899,,
28-03-2017,-6600,495472.899,,
30-03-2017,-2200,493272.899,,
31-03-2017,10970.72,504243.619,,
03-04-2017,2601.207,506844.826,,43502
05-04-2017,-8800,498044.826,,
06-04-2017,-4400,493644.826,,
10-04-2017,-6600,487044.826,,
11-04-2017,2529.84,489574.666,,
12-04-2017,4475.966,494050.632,,
13-04-2017,-2200,491850.632,,
17-04-2017,8842.795,500693.427,,
18-04-2017,1785.052,502478.479,,
19-04-2017,-2200,500278.479,,
20-04-2017,-6600,493678.479,,
21-04-2017,4856.813,498535.292,,
24-04-2017,-8800,489735.292,,
25-04-2017,6820.894,496556.186,,
26-04-2017,7711.398,504267.584,,
27-04-2017,22191.92,526459.504,,
28-04-2017,21995.5,548455.004,,
02-05-2017,6624.063,555079.067,,
03-05-2017,28886.5,583965.567,,
04-05-2017,-6600,577365.567,,
05-05-2017,5150.661,582516.228,,
08-05-2017,-6600,575916.228,,
09-05-2017,2393.66,578309.888,,
10-05-2017,7026.202,585336.09,,
11-05-2017,6082.604,591418.694,,
15-05-2017,-8800,582618.694,,
16-05-2017,28733.95,611352.644,,
18-05-2017,13888.95,625241.594,,
19-05-2017,44281.87,669523.464,,
22-05-2017,20508.84,690032.304,,
23-05-2017,14955.07,704987.374,,
24-05-2017,-4843.8,700143.574,,
25-05-2017,-4864.52,695279.054,,
26-05-2017,7326.668,702605.722,,
29-05-2017,38530.24,741135.962,,
31-05-2017,-2659.79,738476.172,,
01-06-2017,13452.78,751928.952,,
02-06-2017,9153.552,761082.504,,
05-06-2017,-8800,752282.504,,
06-06-2017,23780.28,776062.784,,
07-06-2017,-8800,767262.784,,
08-06-2017,2708.787,769971.571,,
09-06-2017,-978.346,768993.225,,
12-06-2017,17372.85,786366.075,,
13-06-2017,45566.18,831932.255,,
14-06-2017,-6600,825332.255,,
15-06-2017,-4400,820932.255,,
16-06-2017,3285.18,824217.435,,
19-06-2017,20293.69,844511.125,,
20-06-2017,727.5828,845238.7078,,
21-06-2017,168.9475,845407.6553,,
22-06-2017,17138.76,862546.4153,,
23-06-2017,9103.478,871649.8933,,
27-06-2017,197.055,871846.9483,,
28-06-2017,-2200,869646.9483,,
29-06-2017,7636.972,877283.9203,,
03-07-2017,510.9849,877794.9052,,
04-07-2017,8368.259,886163.1642,,
05-07-2017,-2200,883963.1642,,
06-07-2017,17590.61,901553.7742,,
11-07-2017,16927.14,918480.9142,,
12-07-2017,-6600,911880.9142,,
13-07-2017,11148.73,923029.6442,,
14-07-2017,-3055.52,919974.1242,,
17-07-2017,6878.885,926853.0092,,
18-07-2017,3847.074,930700.0832,,
19-07-2017,-8800,921900.0832,,
20-07-2017,-1677.34,920222.7432,,
21-07-2017,11449.2,931671.9432,,
24-07-2017,3525.36,935197.3032,,
25-07-2017,45196,980393.3032,,
26-07-2017,-566.624,979826.6792,,
27-07-2017,10385.08,990211.7592,,
28-07-2017,4025.873,994237.6322,,
31-07-2017,3432.459,997670.0912,,
01-08-2017,13799.04,1011469.131,,
02-08-2017,2637.013,1014106.144,,
03-08-2017,-2200,1011906.144,,
04-08-2017,-4779.29,1007126.854,,
07-08-2017,-2483.72,1004643.134,,
08-08-2017,32915.41,1037558.544,,
09-08-2017,-1268.43,1036290.114,,
10-08-2017,18823.18,1055113.294,,
14-08-2017,-6600,1048513.294,,
16-08-2017,-837.278,1047676.016,,
17-08-2017,24330.48,1072006.496,,
18-08-2017,4394.049,1076400.545,,
21-08-2017,-8800,1067600.545,,
22-08-2017,24946.45,1092546.995,,
23-08-2017,-6600,1085946.995,,
24-08-2017,339.1878,1086286.183,,
28-08-2017,381.4182,1086667.601,,
29-08-2017,837.4566,1087505.058,,
30-08-2017,-1228.12,1086276.938,,
31-08-2017,11245.48,1097522.418,,
01-09-2017,886.9865,1098409.404,,
04-09-2017,10517.49,1108926.894,,
05-09-2017,3851.817,1112778.711,,
06-09-2017,3893.283,1116671.994,,
07-09-2017,3665.249,1120337.243,,
08-09-2017,26146.48,1146483.723,,
11-09-2017,5385.396,1151869.119,,
12-09-2017,-1240.74,1150628.379,,
13-09-2017,8260.954,1158889.333,,
14-09-2017,17505.06,1176394.393,,
15-09-2017,-939.507,1175454.886,,
18-09-2017,2425.604,1177880.49,,
19-09-2017,-8800,1169080.49,,
20-09-2017,9884.949,1178965.439,,
21-09-2017,-2662.72,1176302.719,,
22-09-2017,9410.892,1185713.611,,
25-09-2017,-2200,1183513.611,,
26-09-2017,-1445.4,1182068.211,,
27-09-2017,21004.73,1203072.941,,
28-09-2017,-6600,1196472.941,,
29-09-2017,-8800,1187672.941,,
03-10-2017,4736.486,1192409.427,,
04-10-2017,12044.85,1204454.277,,
05-10-2017,-6600,1197854.277,,
06-10-2017,-4314.49,1193539.787,,
09-10-2017,2403.286,1195943.073,,
10-10-2017,5248.467,1201191.54,,
11-10-2017,14765.84,1215957.38,,
12-10-2017,-6862.22,1209095.16,,
13-10-2017,452.1118,1209547.272,,
16-10-2017,7552.351,1217099.623,,
17-10-2017,-419.546,1216680.077,,
18-10-2017,-2200,1214480.077,,
23-10-2017,6493.795,1220973.872,,
24-10-2017,3193.758,1224167.63,,
25-10-2017,-8800,1215367.63,,
26-10-2017,9992.327,1225359.957,,
27-10-2017,9964.952,1235324.909,,
30-10-2017,-1099.6,1234225.309,,
31-10-2017,-2200,1232025.309,,
01-11-2017,-3012.15,1229013.159,,
02-11-2017,-48.474,1228964.685,,
03-11-2017,2529.711,1231494.396,,
06-11-2017,-1623.16,1229871.236,,
07-11-2017,28036.4,1257907.636,,
08-11-2017,18086.28,1275993.916,,
09-11-2017,-6600,1269393.916,,
10-11-2017,4455.282,1273849.198,,
13-11-2017,22616.02,1296465.218,,
14-11-2017,5946.556,1302411.774,,
15-11-2017,4028.455,1306440.229,,
16-11-2017,-3744.72,1302695.509,,
17-11-2017,10916.01,1313611.519,,
20-11-2017,-900.216,1312711.303,,
21-11-2017,21135.58,1333846.883,,
22-11-2017,10729.29,1344576.173,,
23-11-2017,8049.721,1352625.894,,
24-11-2017,-1987.62,1350638.274,,
27-11-2017,-2200,1348438.274,,
28-11-2017,3250.197,1351688.471,,
01-12-2017,10142.04,1361830.511,,
04-12-2017,-4400,1357430.511,,
05-12-2017,-2200,1355230.511,,
06-12-2017,4041.876,1359272.387,,
07-12-2017,-4400,1354872.387,,
08-12-2017,6309.011,1361181.398,,
11-12-2017,22805.37,1383986.768,,
12-12-2017,8159.902,1392146.67,,
13-12-2017,-2200,1389946.67,,
14-12-2017,5024.479,1394971.149,,
15-12-2017,2255.099,1397226.248,,
18-12-2017,-2200,1395026.248,,
19-12-2017,-4452.02,1390574.228,,
20-12-2017,10007.32,1400581.548,,
21-12-2017,-6600,1393981.548,,
22-12-2017,6701.503,1400683.051,,
26-12-2017,-481.709,1400201.342,,
27-12-2017,2874.259,1403075.601,,
28-12-2017,10939.54,1414015.141,,
29-12-2017,7700.001,1421715.142,,
01-01-2018,232.8941,400232.8941,,
02-01-2018,4011.989,404244.8831,,
03-01-2018,-8800,395444.8831,,
04-01-2018,5615.583,401060.4661,,
05-01-2018,-3109.14,397951.3261,,
08-01-2018,2048.572,399999.8981,,
09-01-2018,1369.001,401368.8991,,
10-01-2018,133.0757,401501.9748,,
11-01-2018,-3660.49,397841.4848,,
12-01-2018,-4400,393441.4848,,
15-01-2018,-1505.51,391935.9748,,
16-01-2018,12965.79,404901.7648,,
17-01-2018,-4400,400501.7648,,
18-01-2018,57624,458125.7648,,
19-01-2018,-2858.08,455267.6848,,
22-01-2018,24398.01,479665.6948,,
23-01-2018,3824.394,483490.0888,,
24-01-2018,13035.99,496526.0788,,
25-01-2018,-4400,492126.0788,,
29-01-2018,13719.42,505845.4988,,
31-01-2018,11979.63,517825.1288,,
01-02-2018,-3435.72,514389.4088,,
07-02-2018,18040.34,532429.7488,,
08-02-2018,-8800,523629.7488,,
12-02-2018,-1564.45,522065.2988,,
14-02-2018,4417.404,526482.7028,,
15-02-2018,-6600,519882.7028,,
16-02-2018,22953.89,542836.5928,,
19-02-2018,3853.436,546690.0288,,
20-02-2018,3068.836,549758.8648,,
21-02-2018,4754.972,554513.8368,,
23-02-2018,-8800,545713.8368,,
26-02-2018,-4400,541313.8368,,
27-02-2018,2106.254,543420.0908,,
01-03-2018,6562.399,549982.4898,,
06-03-2018,20634.24,570616.7298,,
08-03-2018,2119.501,572736.2308,,
09-03-2018,-2200,570536.2308,,
12-03-2018,-6600,563936.2308,,
13-03-2018,-2200,561736.2308,,
14-03-2018,-2045.8,559690.4308,,
15-03-2018,-2200,557490.4308,,
19-03-2018,-4400,553090.4308,,
21-03-2018,-6600,546490.4308,,
22-03-2018,1627.975,548118.4058,,
26-03-2018,-4400,543718.4058,,
27-03-2018,7232.171,550950.5768,,
02-04-2018,-6600,544350.5768,,
03-04-2018,7092.597,551443.1738,,
04-04-2018,4147.335,555590.5088,,
05-04-2018,-8800,546790.5088,,
06-04-2018,2150.67,548941.1788,,
09-04-2018,-4682.61,544258.5688,,
10-04-2018,12372.03,556630.5988,,
11-04-2018,-6600,550030.5988,,
13-04-2018,-6600,543430.5988,,
17-04-2018,7392.174,550822.7728,,
18-04-2018,-2646.69,548176.0828,,
19-04-2018,-4400,543776.0828,,
23-04-2018,9508.887,553284.9698,,
24-04-2018,10235.73,563520.6998,,
25-04-2018,-6600,556920.6998,,
26-04-2018,11775.02,568695.7198,,
27-04-2018,3576.113,572271.8328,,
30-04-2018,19127.45,591399.2828,,
02-05-2018,44005.71,635404.9928,,
03-05-2018,-2200,633204.9928,,
04-05-2018,9411.472,642616.4648,,
07-05-2018,-8800,633816.4648,,
08-05-2018,14564.37,648380.8348,,
09-05-2018,4840.565,653221.3998,,
10-05-2018,-1903.55,651317.8498,,
11-05-2018,2373.851,653691.7008,,
14-05-2018,1753.623,655445.3238,,
15-05-2018,7966.224,663411.5478,,
16-05-2018,5412.285,668823.8328,,
17-05-2018,24914.28,693738.1128,,
18-05-2018,18510.98,712249.0928,,
21-05-2018,-115.412,712133.6808,,
22-05-2018,2342.934,714476.6148,,
23-05-2018,864.9061,715341.5209,,
24-05-2018,-1573.03,713768.4909,,
25-05-2018,3285.287,717053.7779,,
28-05-2018,-4866.28,712187.4979,,
29-05-2018,-3871.66,708315.8379,,
30-05-2018,18636.12,726951.9579,,
31-05-2018,9931.44,736883.3979,,
01-06-2018,1025.715,737909.1129,,
04-06-2018,4862.288,742771.4009,,
05-06-2018,29579.56,772350.9609,,
06-06-2018,-2200,770150.9609,,
07-06-2018,-8800,761350.9609,,
11-06-2018,-1349.3,760001.6609,,
12-06-2018,-260.578,759741.0829,,
13-06-2018,10117.75,769858.8329,,
14-06-2018,3388.371,773247.2039,,
15-06-2018,-6600,766647.2039,,
18-06-2018,-8800,757847.2039,,
20-06-2018,16715.46,774562.6639,,
21-06-2018,6774.883,781337.5469,,
25-06-2018,10163.51,791501.0569,,
29-06-2018,-6173.71,785327.3469,,
02-07-2018,12686.67,798014.0169,,
03-07-2018,1188.941,799202.9579,,
05-07-2018,-2200,797002.9579,,
06-07-2018,17486.42,814489.3779,,
09-07-2018,-4400,810089.3779,,
10-07-2018,-6600,803489.3779,,
11-07-2018,-2200,801289.3779,,
12-07-2018,16565.59,817854.9679,,
13-07-2018,-8800,809054.9679,,
16-07-2018,20806.95,829861.9179,,
17-07-2018,-8800,821061.9179,,
18-07-2018,-2200,818861.9179,,
19-07-2018,3669.863,822531.7809,,48698
23-07-2018,-3217.48,819314.3009,,
24-07-2018,-5151.17,814163.1309,,
25-07-2018,-8800,805363.1309,,
26-07-2018,-8800,796563.1309,,
27-07-2018,-4400,792163.1309,,
30-07-2018,-6600,785563.1309,,
01-08-2018,-4400,781163.1309,,
02-08-2018,1681.94,782845.0709,,
03-08-2018,2624.597,785469.6679,,
06-08-2018,7535.448,793005.1159,,
07-08-2018,-3155.63,789849.4859,,
08-08-2018,12708.57,802558.0559,,
09-08-2018,27838.81,830396.8659,,
10-08-2018,-2200,828196.8659,,
13-08-2018,518.6781,828715.544,,
14-08-2018,-6600,822115.544,,
16-08-2018,-2200,819915.544,,
17-08-2018,-8800,811115.544,,
20-08-2018,-4400,806715.544,,
21-08-2018,8296.306,815011.85,,
23-08-2018,4972.867,819984.717,,
27-08-2018,-2200,817784.717,,
28-08-2018,-4402.1,813382.617,,
29-08-2018,-6576.1,806806.517,,
30-08-2018,10644.46,817450.977,,
31-08-2018,3541.698,820992.675,,
03-09-2018,18091.69,839084.365,,
04-09-2018,14717.18,853801.545,,
05-09-2018,-2200,851601.545,,
06-09-2018,-163.97,851437.575,,
07-09-2018,-2200,849237.575,,
10-09-2018,15559.81,864797.385,,
11-09-2018,-570.57,864226.815,,
12-09-2018,-4400,859826.815,,
14-09-2018,-4406.19,855420.625,,
17-09-2018,-2200,853220.625,,
18-09-2018,-2200,851020.625,,
19-09-2018,11850.02,862870.645,,
21-09-2018,-4200.33,858670.315,,
24-09-2018,2924.249,861594.564,,
26-09-2018,1052.17,862646.734,,
27-09-2018,59976.27,922623.004,,
28-09-2018,13580.07,936203.074,,
03-10-2018,-554.207,935648.867,,
04-10-2018,1834.91,937483.777,,
05-10-2018,-4400,933083.777,,
08-10-2018,-2200,930883.777,,
09-10-2018,6111.682,936995.459,,
10-10-2018,-4400,932595.459,,
12-10-2018,-8800,923795.459,,
15-10-2018,-2200,921595.459,,
16-10-2018,-4400,917195.459,,
17-10-2018,35568.15,952763.609,,
19-10-2018,4082.877,956846.486,,
22-10-2018,430.0965,957276.5825,,
24-10-2018,-6600,950676.5825,,
25-10-2018,4803.812,955480.3945,,
26-10-2018,6126.597,961606.9915,,
29-10-2018,-6600,955006.9915,,
30-10-2018,-4400,950606.9915,,
31-10-2018,1033.006,951639.9975,,
01-11-2018,-10.4159,951629.5816,,
02-11-2018,1977.247,953606.8286,,
05-11-2018,5867.649,959474.4776,,
06-11-2018,1750.787,961225.2646,,
09-11-2018,-6710.32,954514.9446,,
12-11-2018,-4400,950114.9446,,
13-11-2018,-3946.33,946168.6146,,
14-11-2018,8425.699,954594.3136,,
15-11-2018,-4957.48,949636.8336,,
16-11-2018,-6600,943036.8336,,
19-11-2018,-2272.38,940764.4536,,
21-11-2018,20349.07,961113.5236,,
22-11-2018,-4400,956713.5236,,
26-11-2018,-1361.76,955351.7636,,
27-11-2018,38443.43,993795.1936,,
28-11-2018,-2200,991595.1936,,
29-11-2018,-4400,987195.1936,,
30-11-2018,-2629.57,984565.6236,,
03-12-2018,-3086.97,981478.6536,,
04-12-2018,6578.639,988057.2926,,
07-12-2018,2669.717,990727.0096,,
12-12-2018,-8800,981927.0096,,
13-12-2018,54192.34,1036119.35,,
14-12-2018,510.6267,1036629.976,,
17-12-2018,10210.89,1046840.866,,
18-12-2018,-2200,1044640.866,,
19-12-2018,-8800,1035840.866,,
21-12-2018,36975.47,1072816.336,,
24-12-2018,9246.494,1082062.83,,
26-12-2018,-165.468,1081897.362,,
27-12-2018,-4292.55,1077604.812,,
28-12-2018,-4400,1073204.812,,
31-12-2018,-8800,1064404.812,,
01-01-2019,-2200,397800,,
03-01-2019,3898.001,401698.001,,
04-01-2019,-1208.53,400489.471,,
07-01-2019,-8800,391689.471,,
08-01-2019,-2200,389489.471,,
09-01-2019,-6600,382889.471,,
14-01-2019,930.6269,383820.0979,,
15-01-2019,-2200,381620.0979,,
16-01-2019,13215.1,394835.1979,,
17-01-2019,11832.09,406667.2879,,
18-01-2019,-4400,402267.2879,,
22-01-2019,2557.676,404824.9639,,
23-01-2019,-4400,400424.9639,,
25-01-2019,19800.62,420225.5839,,
28-01-2019,-6600,413625.5839,,
29-01-2019,-1195.8,412429.7839,,
30-01-2019,8141.075,420570.8589,,
31-01-2019,-6600,413970.8589,,
01-02-2019,-4400,409570.8589,,
04-02-2019,-2874.43,406696.4289,,
05-02-2019,-6600,400096.4289,,
06-02-2019,-2100.78,397995.6489,,
07-02-2019,1228.674,399224.3229,,
08-02-2019,-2200,397024.3229,,
11-02-2019,-2200,394824.3229,,
12-02-2019,-2200,392624.3229,,
13-02-2019,1790.784,394415.1069,,
14-02-2019,-2511.21,391903.8969,,
15-02-2019,-2200,389703.8969,,
18-02-2019,12524.39,402228.2869,,
20-02-2019,-6600,395628.2869,,
21-02-2019,-4400,391228.2869,,
22-02-2019,-2082.93,389145.3569,,
25-02-2019,2754.361,391899.7179,,
27-02-2019,22603.01,414502.7279,,
28-02-2019,-2200,412302.7279,,
01-03-2019,-6600,405702.7279,,
05-03-2019,-6600,399102.7279,,
06-03-2019,13876.92,412979.6479,,
07-03-2019,-4426.82,408552.8279,,
08-03-2019,5967.374,414520.2019,,
11-03-2019,-6600,407920.2019,,
12-03-2019,28971.96,436892.1619,,
13-03-2019,5091.866,441984.0279,,
14-03-2019,15651.76,457635.7879,,
15-03-2019,-6600,451035.7879,,
18-03-2019,8760.162,459795.9499,,
19-03-2019,-4400,455395.9499,,
20-03-2019,-2200,453195.9499,,
22-03-2019,3288.298,456484.2479,,
26-03-2019,-4400,452084.2479,,
27-03-2019,-1636.06,450448.1879,,
28-03-2019,-6600,443848.1879,,
29-03-2019,-8800,435048.1879,,
01-04-2019,2106.965,437155.1529,,
02-04-2019,-624.932,436530.2209,,
03-04-2019,-6600,429930.2209,,
04-04-2019,2383.73,432313.9509,,
05-04-2019,2880.951,435194.9019,,
08-04-2019,1299.048,436493.9499,,
10-04-2019,-2200,434293.9499,,
11-04-2019,1609.78,435903.7299,,
15-04-2019,-2538.81,433364.9199,,
16-04-2019,-4400,428964.9199,,
18-04-2019,17618.1,446583.0199,,
23-04-2019,1333.502,447916.5219,,
24-04-2019,-6249.39,441667.1319,,
25-04-2019,21968.22,463635.3519,,
26-04-2019,-655.357,462979.9949,,
30-04-2019,-4400,458579.9949,,
02-05-2019,8320.152,466900.1469,,
03-05-2019,-4208.29,462691.8569,,
07-05-2019,15156.84,477848.6969,,
10-05-2019,5625.739,483474.4359,,
13-05-2019,-2200,481274.4359,,
14-05-2019,-4400,476874.4359,,
15-05-2019,6468.725,483343.1609,,
16-05-2019,-1120.14,482223.0209,,
17-05-2019,11383.38,493606.4009,,
20-05-2019,-6600,487006.4009,,
21-05-2019,-2200,484806.4009,,
22-05-2019,964.0134,485770.4143,,
23-05-2019,-6600,479170.4143,,
24-05-2019,4210.8,483381.2143,,
27-05-2019,-8800,474581.2143,,
28-05-2019,18217.5,492798.7143,,
29-05-2019,1484.235,494282.9493,,
30-05-2019,-4188.38,490094.5693,,
31-05-2019,-2471.46,487623.1093,,
03-06-2019,-1426.58,486196.5293,,
06-06-2019,19211.34,505407.8693,,
10-06-2019,10424.63,515832.4993,,
13-06-2019,-6600,509232.4993,,
14-06-2019,2057.132,511289.6313,,
17-06-2019,-2200,509089.6313,,
18-06-2019,-2200,506889.6313,,
19-06-2019,-4922.55,501967.0813,,
20-06-2019,-2219.45,499747.6313,,
24-06-2019,-1644,498103.6313,,
01-07-2019,14021.43,512125.0613,,
02-07-2019,-2200,509925.0613,,
03-07-2019,6803.95,516729.0113,,
04-07-2019,3650.135,520379.1463,,
05-07-2019,21369.38,541748.5263,,
08-07-2019,8105.843,549854.3693,,
10-07-2019,-2200,547654.3693,,
11-07-2019,-6643.33,541011.0393,,
12-07-2019,2103.812,543114.8513,,
15-07-2019,-231.368,542883.4833,,
16-07-2019,-2200,540683.4833,,
17-07-2019,2216.073,542899.5563,,
18-07-2019,2530.16,545429.7163,,
19-07-2019,56349.93,601779.6463,,
23-07-2019,-2200,599579.6463,,
24-07-2019,-2200,597379.6463,,
25-07-2019,-4400,592979.6463,,
26-07-2019,326.8815,593306.5278,,
29-07-2019,-2200,591106.5278,,
30-07-2019,11570.29,602676.8178,,
01-08-2019,3904.116,606580.9338,,
02-08-2019,-2200,604380.9338,,
06-08-2019,1681.83,606062.7638,,
07-08-2019,4881.314,610944.0778,,
08-08-2019,-4632.53,606311.5478,,
09-08-2019,14816.18,621127.7278,,
13-08-2019,1022.724,622150.4518,,
14-08-2019,6689.962,628840.4138,,
19-08-2019,-246.146,628594.2678,,
20-08-2019,1304.895,629899.1628,,
21-08-2019,3526.907,633426.0698,,
23-08-2019,-2200,631226.0698,,
26-08-2019,-4439.33,626786.7398,,
27-08-2019,4813.297,631600.0368,,
28-08-2019,-2200,629400.0368,,
29-08-2019,-2200,627200.0368,,
30-08-2019,-2200,625000.0368,,
05-09-2019,-3732.07,621267.9668,,
06-09-2019,-8800,612467.9668,,
11-09-2019,-6600,605867.9668,,
12-09-2019,-4400,601467.9668,,
13-09-2019,-3749.72,597718.2468,,
16-09-2019,3783.749,601501.9958,,
18-09-2019,-6600,594901.9958,,
19-09-2019,-2200,592701.9958,,
20-09-2019,-2200,590501.9958,,
23-09-2019,-4400,586101.9958,,
24-09-2019,3525.161,589627.1568,,
25-09-2019,2968.334,592595.4908,,
26-09-2019,-4400,588195.4908,,
27-09-2019,3154.43,591349.9208,,
01-10-2019,6663.804,598013.7248,,
03-10-2019,-2200,595813.7248,,
04-10-2019,911.1817,596724.9065,,
09-10-2019,-2200,594524.9065,,
10-10-2019,-2200,592324.9065,,
11-10-2019,12169.67,604494.5765,,50087
14-10-2019,-6600,597894.5765,,
15-10-2019,-4400,593494.5765,,
16-10-2019,-4400,589094.5765,,
17-10-2019,-2200,586894.5765,,
18-10-2019,-3556.42,583338.1565,,
22-10-2019,13600.1,596938.2565,,
23-10-2019,-6600,590338.2565,,
24-10-2019,7211.339,597549.5955,,
25-10-2019,19721.43,617271.0255,,
29-10-2019,-6600,610671.0255,,
30-10-2019,8372.74,619043.7655,,
31-10-2019,4292.548,623336.3135,,
01-11-2019,-6600,616736.3135,,
04-11-2019,-2391.19,614345.1235,,
05-11-2019,370.6706,614715.7941,,
06-11-2019,-1031.88,613683.9141,,
07-11-2019,16284.57,629968.4841,,
08-11-2019,8079.872,638048.3561,,
11-11-2019,-2200,635848.3561,,
13-11-2019,28506.73,664355.0861,,
15-11-2019,-6600,657755.0861,,
18-11-2019,-6929.3,650825.7861,,
19-11-2019,-2836.88,647988.9061,,
20-11-2019,1042.666,649031.5721,,
21-11-2019,-4400,644631.5721,,
22-11-2019,-4400,640231.5721,,
25-11-2019,6615.422,646846.9941,,
26-11-2019,10142.15,656989.1441,,
27-11-2019,-8800,648189.1441,,
28-11-2019,-2200,645989.1441,,
29-11-2019,39592.1,685581.2441,,
02-12-2019,14310.02,699891.2641,,
03-12-2019,20091.74,719983.0041,,
05-12-2019,7115.811,727098.8151,,
06-12-2019,4079.491,731178.3061,,
10-12-2019,3884.833,735063.1391,,
11-12-2019,-2138.13,732925.0091,,
12-12-2019,11390.77,744315.7791,,
13-12-2019,-8800,735515.7791,,
16-12-2019,-1447.32,734068.4591,,
18-12-2019,-2200,731868.4591,,
19-12-2019,-2200,729668.4591,,
20-12-2019,-2200,727468.4591,,
23-12-2019,5978.55,733447.0091,,
24-12-2019,-2200,731247.0091,,
27-12-2019,-2200,729047.0091,,
30-12-2019,-1602.8,727444.2091,,
02-01-2020,-4400,395600,,
03-01-2020,2286.715,397886.715,,
06-01-2020,-2200,395686.715,,
07-01-2020,11366.17,407052.885,,
09-01-2020,-8800,398252.885,,
10-01-2020,-8800,389452.885,,
13-01-2020,-2200,387252.885,,
14-01-2020,3126.043,390378.928,,
16-01-2020,-1704.81,388674.118,,
17-01-2020,-2200,386474.118,,
20-01-2020,12343.79,398817.908,,
22-01-2020,1231.391,400049.299,,
23-01-2020,-4400,395649.299,,
24-01-2020,-4400,391249.299,,
28-01-2020,10492.79,401742.089,,
29-01-2020,661.8114,402403.9004,,
30-01-2020,-3109.63,399294.2704,,
31-01-2020,5870.867,405165.1374,,
03-02-2020,-6600,398565.1374,,
04-02-2020,5271.589,403836.7264,,
05-02-2020,-6600,397236.7264,,
06-02-2020,1410.637,398647.3634,,
07-02-2020,4513.703,403161.0664,,
10-02-2020,-2200,400961.0664,,
11-02-2020,-321.686,400639.3804,,
12-02-2020,21038.45,421677.8304,,
13-02-2020,-4400,417277.8304,,
14-02-2020,16669.9,433947.7304,,
17-02-2020,3456.594,437404.3244,,
19-02-2020,-4709.28,432695.0444,,
25-02-2020,1719.153,434414.1974,,
26-02-2020,-2200,432214.1974,,
02-03-2020,6844.327,439058.5244,,
03-03-2020,-6600,432458.5244,,
04-03-2020,-2200,430258.5244,,
05-03-2020,-3785.78,426472.7444,,
09-03-2020,-4400,422072.7444,,
17-03-2020,7936.967,430009.7114,,
20-03-2020,6817.467,436827.1784,,
24-03-2020,6297.701,443124.8794,,
25-03-2020,-2200,440924.8794,,
26-03-2020,-2200,438724.8794,,
27-03-2020,13951.91,452676.7894,,
30-03-2020,-2200,450476.7894,,
31-03-2020,-8800,441676.7894,,
01-04-2020,4910.653,446587.4424,,
03-04-2020,4930.037,451517.4794,,
07-04-2020,-8800,442717.4794,,
08-04-2020,-1049.71,441667.7694,,
09-04-2020,8889.729,450557.4984,,
13-04-2020,-4400,446157.4984,,
15-04-2020,17592.93,463750.4284,,
16-04-2020,-6600,457150.4284,,
17-04-2020,-8800,448350.4284,,
20-04-2020,471.8181,448822.2465,,
22-04-2020,-2200,446622.2465,,
23-04-2020,302.9514,446925.1979,,
24-04-2020,-2200,444725.1979,,
27-04-2020,-6600,438125.1979,,
28-04-2020,8494.491,446619.6889,,
29-04-2020,-8800,437819.6889,,
30-04-2020,5153.754,442973.4429,,
04-05-2020,-4400,438573.4429,,
05-05-2020,6366.976,444940.4189,,
06-05-2020,7545.419,452485.8379,,
07-05-2020,13496.68,465982.5179,,
08-05-2020,-8800,457182.5179,,
11-05-2020,7819.733,465002.2509,,
13-05-2020,-5865.21,459137.0409,,
14-05-2020,6728.238,465865.2789,,
15-05-2020,-4400,461465.2789,,
18-05-2020,14801.97,476267.2489,,
19-05-2020,-4685.19,471582.0589,,
20-05-2020,-1601.14,469980.9189,,
21-05-2020,4045.21,474026.1289,,
22-05-2020,2136.474,476162.6029,,
26-05-2020,-757.13,475405.4729,,
28-05-2020,-2200,473205.4729,,
29-05-2020,362.8672,473568.3401,,
01-06-2020,-6600,466968.3401,,
02-06-2020,587.0156,467555.3557,,
03-06-2020,10077.14,477632.4957,,
04-06-2020,-420.718,477211.7777,,
05-06-2020,-6435.64,470776.1377,,
08-06-2020,7579.75,478355.8877,,
09-06-2020,2091.05,480446.9377,,
10-06-2020,-2200,478246.9377,,
11-06-2020,-161.199,478085.7387,,
15-06-2020,8797.353,486883.0917,,
16-06-2020,28539.44,515422.5317,,
17-06-2020,3587.458,519009.9897,,
18-06-2020,-4400,514609.9897,,
19-06-2020,916.6244,515526.6141,,
22-06-2020,-155.239,515371.3751,,
23-06-2020,18568.85,533940.2251,,
24-06-2020,20945.33,554885.5551,,
26-06-2020,13063.35,567948.9051,,
29-06-2020,6246.4,574195.3051,,
30-06-2020,26906.19,601101.4951,,
01-07-2020,-2968.14,598133.3551,,
02-07-2020,18582.04,616715.3951,,
03-07-2020,-5909.45,610805.9451,,
06-07-2020,-8800,602005.9451,,
07-07-2020,-2003.07,600002.8751,,
08-07-2020,6281.796,606284.6711,,
09-07-2020,10403.14,616687.8111,,
10-07-2020,-2200,614487.8111,,
13-07-2020,29401.73,643889.5411,,
14-07-2020,-2200,641689.5411,,
15-07-2020,-4400,637289.5411,,
16-07-2020,4950.059,642239.6001,,
17-07-2020,10821.83,653061.4301,,
20-07-2020,3747.777,656809.2071,,
21-07-2020,7137.354,663946.5611,,
22-07-2020,-6600,657346.5611,,
23-07-2020,-6600,650746.5611,,
24-07-2020,4192.088,654938.6491,,
27-07-2020,-25.2902,654913.3589,,
28-07-2020,-6600,648313.3589,,
29-07-2020,3573.897,651887.2559,,
30-07-2020,-2200,649687.2559,,
31-07-2020,-1574.97,648112.2859,,
03-08-2020,12670.57,660782.8559,,
04-08-2020,-1745.89,659036.9659,,
05-08-2020,1147.604,660184.5699,,
06-08-2020,5933.471,666118.0409,,
07-08-2020,-1.69553,666116.3454,,
10-08-2020,-8800,657316.3454,,
11-08-2020,9995.027,667311.3724,,
12-08-2020,-2200,665111.3724,,
13-08-2020,8808.401,673919.7734,,
14-08-2020,20837.71,694757.4834,,
17-08-2020,1826.316,696583.7994,,
18-08-2020,5861.968,702445.7674,,
19-08-2020,-196.963,702248.8044,,
20-08-2020,3840.343,706089.1474,,
21-08-2020,24643.18,730732.3274,,
24-08-2020,10169.14,740901.4674,,
25-08-2020,4352.398,745253.8654,,
26-08-2020,-2253.38,743000.4854,,
27-08-2020,-2342.81,740657.6754,,
28-08-2020,10792.23,751449.9054,,
31-08-2020,44659.6,796109.5054,,
01-09-2020,-5027.48,791082.0254,,
02-09-2020,-4400,786682.0254,,
03-09-2020,-6482.2,780199.8254,,
07-09-2020,5033.244,785233.0694,,
08-09-2020,-2200,783033.0694,,
09-09-2020,1840.61,784873.6794,,
10-09-2020,-4400,780473.6794,,54000
11-09-2020,1879.271,782352.9504,,
14-09-2020,-8800,773552.9504,,
15-09-2020,-4400,769152.9504,,
16-09-2020,2487.906,771640.8564,,
17-09-2020,-2200,769440.8564,,
18-09-2020,-812.031,768628.8254,,
21-09-2020,-2200,766428.8254,,
22-09-2020,-2200,764228.8254,,
23-09-2020,12228.74,776457.5654,,
25-09-2020,-6600,769857.5654,,
28-09-2020,-8800,761057.5654,,
29-09-2020,9088.554,770146.1194,,
01-10-2020,640.9768,770787.0962,,
05-10-2020,4998.47,775785.5662,,
06-10-2020,-6600,769185.5662,,
07-10-2020,1937.261,771122.8272,,
08-10-2020,-3955.26,767167.5672,,
09-10-2020,-4400,762767.5672,,
12-10-2020,-3089.39,759678.1772,,
13-10-2020,-4400,755278.1772,,
15-10-2020,-2200,753078.1772,,
16-10-2020,-4369.13,748709.0472,,
19-10-2020,-6600,742109.0472,,
20-10-2020,2537.461,744646.5082,,
21-10-2020,7030.597,751677.1052,,
22-10-2020,-2200,749477.1052,,
23-10-2020,-12.9302,749464.175,,
26-10-2020,15243.31,764707.485,,
28-10-2020,-2200,762507.485,,
29-10-2020,1879.048,764386.533,,
30-10-2020,-1895.34,762491.193,,
02-11-2020,-1857.39,760633.803,,
03-11-2020,-6600,754033.803,,
04-11-2020,5731.741,759765.544,,
05-11-2020,-6600,753165.544,,
06-11-2020,10907.65,764073.194,,
09-11-2020,2399.981,766473.175,,
10-11-2020,-6601.56,759871.615,,
11-11-2020,2589.291,762460.906,,
13-11-2020,-4400,758060.906,,
17-11-2020,-1613.48,756447.426,,
18-11-2020,-2263.98,754183.446,,
19-11-2020,12983.92,767167.366,,
20-11-2020,3735.583,770902.949,,
23-11-2020,-6600,764302.949,,
24-11-2020,-3536.54,760766.409,,
25-11-2020,17773.7,778540.109,,
26-11-2020,2446.066,780986.175,,
27-11-2020,-8800,772186.175,,
01-12-2020,3910.909,776097.084,,
02-12-2020,-3810.6,772286.484,,
03-12-2020,4351.311,776637.795,,
04-12-2020,-1500.22,775137.575,,
07-12-2020,677.2899,775814.8649,,
08-12-2020,6780.103,782594.9679,,
09-12-2020,8589.597,791184.5649,,
11-12-2020,21691.1,812875.6649,,
14-12-2020,-6993.33,805882.3349,,
16-12-2020,1060.036,806942.3709,,
17-12-2020,3422.068,810364.4389,,
18-12-2020,-320.427,810044.0119,,
21-12-2020,-2200,807844.0119,,
22-12-2020,-8800,799044.0119,,
23-12-2020,-5161.4,793882.6119,,
24-12-2020,6102.165,799984.7769,,
28-12-2020,3312.488,803297.2649,,
29-12-2020,5032.199,808329.4639,,
30-12-2020,-3430.74,804898.7239,,
01-01-2021,5677.48,405677.48,,
04-01-2021,-5594.42,400083.06,,
06-01-2021,-6600,393483.06,,
07-01-2021,-1466.55,392016.51,,
08-01-2021,-6738.28,385278.23,,
11-01-2021,-8800,376478.23,,
12-01-2021,-2200,374278.23,,
13-01-2021,3738.669,378016.899,,
14-01-2021,4472.126,382489.025,,
15-01-2021,229.5253,382718.5503,,
18-01-2021,10998.63,393717.1803,,
19-01-2021,270.9197,393988.1,,
20-01-2021,-2200,391788.1,,
21-01-2021,-6600,385188.1,,
22-01-2021,3566.57,388754.67,,
25-01-2021,17723.48,406478.15,,
29-01-2021,-4400,402078.15,,
01-02-2021,-2200,399878.15,,
02-02-2021,-3232.11,396646.04,,
03-02-2021,-6600,390046.04,,
04-02-2021,-2751.54,387294.5,,
05-02-2021,9433.897,396728.397,,
08-02-2021,7777.164,404505.561,,
09-02-2021,4135.899,408641.46,,
10-02-2021,1529.114,410170.574,,
12-02-2021,6444.045,416614.619,,
15-02-2021,-4400,412214.619,,
16-02-2021,23628.09,435842.709,,
17-02-2021,3455.121,439297.83,,
18-02-2021,-8800,430497.83,,
19-02-2021,-2200,428297.83,,
22-02-2021,-6600,421697.83,,
23-02-2021,-4187.64,417510.19,,
24-02-2021,-4400,413110.19,,44285
25-02-2021,-6600,406510.19,,
01-03-2021,-4400,402110.19,,
02-03-2021,-2200,399910.19,,
03-03-2021,-4400,395510.19,,
05-03-2021,6638.463,402148.653,,
08-03-2021,-6600,395548.653,,
09-03-2021,-536.006,395012.647,,
10-03-2021,17236.82,412249.467,,
12-03-2021,-6600,405649.467,,
16-03-2021,605.4542,406254.9212,,
17-03-2021,8773.374,415028.2952,,
18-03-2021,2000.234,417028.5292,,
22-03-2021,-2175.35,414853.1792,,
23-03-2021,311.5096,415164.6888,,
25-03-2021,8152.412,423317.1008,,
26-03-2021,-6600,416717.1008,,
30-03-2021,-3923.74,412793.3608,,
31-03-2021,-5314.78,407478.5808,,
01-04-2021,-6600,400878.5808,,
05-04-2021,-2200,398678.5808,,
06-04-2021,-792.791,397885.7898,,
07-04-2021,10386.03,408271.8198,,
08-04-2021,-5575.09,402696.7298,,
09-04-2021,15306.3,418003.0298,,
12-04-2021,8356.669,426359.6988,,
13-04-2021,-2200,424159.6988,,
15-04-2021,16796.45,440956.1488,,
16-04-2021,4407.323,445363.4718,,
19-04-2021,1471.867,446835.3388,,
20-04-2021,9217.432,456052.7708,,
22-04-2021,14350.49,470403.2608,,
23-04-2021,3172.979,473576.2398,,
26-04-2021,4.694868,473580.9347,,
27-04-2021,-4596.67,468984.2647,,
28-04-2021,-2224.82,466759.4447,,
29-04-2021,1022.583,467782.0277,,
30-04-2021,-2151.2,465630.8277,,
03-05-2021,-2200,463430.8277,,
04-05-2021,-6600,456830.8277,,
05-05-2021,1131.728,457962.5557,,
06-05-2021,8850.494,466813.0497,,
07-05-2021,-3534.86,463278.1897,,
10-05-2021,-639.059,462639.1307,,
11-05-2021,-2200,460439.1307,,
12-05-2021,4986.115,465425.2457,,
14-05-2021,-2200,463225.2457,,
17-05-2021,-1279.04,461946.2057,,
18-05-2021,-868.475,461077.7307,,
19-05-2021,-2200,458877.7307,,
20-05-2021,2443.87,461321.6007,,
21-05-2021,2450.592,463772.1927,,
24-05-2021,-4151.41,459620.7827,,
25-05-2021,-853.631,458767.1517,,
26-05-2021,-1911.16,456855.9917,,
27-05-2021,-2200,454655.9917,,
28-05-2021,29747.19,484403.1817,,
31-05-2021,4451.495,488854.6767,,
01-06-2021,14026.71,502881.3867,,
02-06-2021,-4400,498481.3867,,
03-06-2021,-531.927,497949.4597,,
04-06-2021,913.4695,498862.9292,,
07-06-2021,-2991.65,495871.2792,,
08-06-2021,-320.629,495550.6502,,
09-06-2021,5585.399,501136.0492,,
10-06-2021,-580.428,500555.6212,,
11-06-2021,-6600,493955.6212,,
14-06-2021,-2200,491755.6212,,
15-06-2021,4996.609,496752.2302,,
16-06-2021,-4400,492352.2302,,
21-06-2021,-2200,490152.2302,,
22-06-2021,13123.7,503275.9302,,
25-06-2021,-3742.84,499533.0902,,
28-06-2021,1853.097,501386.1872,,
30-06-2021,935.0446,502321.2318,,
02-07-2021,8868.65,511189.8818,,
05-07-2021,3807.921,514997.8028,,
06-07-2021,12397.49,527395.2928,,
07-07-2021,-686.327,526708.9658,,
08-07-2021,6529.716,533238.6818,,
12-07-2021,7807.211,541045.8928,,
13-07-2021,-772.616,540273.2768,,
14-07-2021,7337.661,547610.9378,,
15-07-2021,-4400,543210.9378,,
16-07-2021,-4400,538810.9378,,
20-07-2021,-2200,536610.9378,,
22-07-2021,452.1417,537063.0795,,
23-07-2021,-3933.39,533129.6895,,
26-07-2021,13211.84,546341.5295,,
27-07-2021,-4400,541941.5295,,
28-07-2021,2133.889,544075.4185,,
29-07-2021,4607.723,548683.1415,,
30-07-2021,-829.099,547854.0425,,
02-08-2021,-4966.97,542887.0725,,
03-08-2021,6189.855,549076.9275,,
04-08-2021,9414.86,558491.7875,,
05-08-2021,-1605.25,556886.5375,,
06-08-2021,1567.549,558454.0865,,
09-08-2021,43735.63,602189.7165,,
10-08-2021,-2200,599989.7165,,
11-08-2021,-6600,593389.7165,,
13-08-2021,-2669.08,590720.6365,,
16-08-2021,-2200,588520.6365,,
17-08-2021,2736.98,591257.6165,,
18-08-2021,3582.817,594840.4335,,
23-08-2021,8655.753,603496.1865,,
24-08-2021,-5963.72,597532.4665,,
25-08-2021,5668.455,603200.9215,,
26-08-2021,-2200,601000.9215,,
27-08-2021,-4400,596600.9215,,
30-08-2021,-2348.7,594252.2215,,
31-08-2021,-611.455,593640.7665,,
01-09-2021,12785.48,606426.2465,,
02-09-2021,2723.177,609149.4235,,
03-09-2021,5009.326,614158.7495,,
06-09-2021,994.3442,615153.0937,,
07-09-2021,-536.899,614616.1947,,
08-09-2021,19447.79,634063.9847,,
13-09-2021,-2200,631863.9847,,
14-09-2021,1931.748,633795.7327,,
15-09-2021,6888.897,640684.6297,,
16-09-2021,-6600,634084.6297,,
17-09-2021,1047.664,635132.2937,,
21-09-2021,-154.894,634977.3997,,
22-09-2021,-4400,630577.3997,,
23-09-2021,4722.409,635299.8087,,
24-09-2021,-4400,630899.8087,,
27-09-2021,-1423.17,629476.6387,,
28-09-2021,-4400,625076.6387,,
29-09-2021,-4400,620676.6387,,
30-09-2021,628.2148,621304.8535,,
04-10-2021,6281.965,627586.8185,,
05-10-2021,2601.456,630188.2745,,
06-10-2021,5625.874,635814.1485,,
07-10-2021,-6600,629214.1485,,
08-10-2021,-2033.25,627180.8985,,
11-10-2021,-6600,620580.8985,,
12-10-2021,-2912.52,617668.3785,,
13-10-2021,4770.664,622439.0425,,
14-10-2021,-2200,620239.0425,,
18-10-2021,-808.099,619430.9435,,
19-10-2021,1953.907,621384.8505,,
20-10-2021,-2200,619184.8505,,
21-10-2021,21639.73,640824.5805,,
22-10-2021,-734.717,640089.8635,,
25-10-2021,-4400,635689.8635,,
26-10-2021,-3235.65,632454.2135,,
27-10-2021,-2716.85,629737.3635,,
28-10-2021,-2315.9,627421.4635,,
01-11-2021,-4400,623021.4635,,
02-11-2021,3604.64,626626.1035,,
03-11-2021,-4381.32,622244.7835,,
08-11-2021,6223.939,628468.7225,,
09-11-2021,5039.479,633508.2015,,
10-11-2021,-2200,631308.2015,,
11-11-2021,-2610.67,628697.5315,,
12-11-2021,-396.642,628300.8895,,
15-11-2021,8222.795,636523.6845,,
16-11-2021,15217.15,651740.8345,,
17-11-2021,774.0726,652514.9071,,
22-11-2021,8800.458,661315.3651,,
23-11-2021,-2200,659115.3651,,
24-11-2021,9217.958,668333.3231,,
29-11-2021,-4400,663933.3231,,
30-11-2021,60136.85,724070.1731,,
01-12-2021,-235.351,723834.8221,,
02-12-2021,-647.822,723187.0001,,
03-12-2021,-323.941,722863.0591,,
06-12-2021,8532.114,731395.1731,,
07-12-2021,-8164.61,723230.5631,,
08-12-2021,-6600,716630.5631,,
09-12-2021,942.2429,717572.806,,
13-12-2021,2034.222,719607.028,,
15-12-2021,-2200,717407.028,,
16-12-2021,-4400,713007.028,,
17-12-2021,-8800,704207.028,,
21-12-2021,-2567.12,701639.908,,
22-12-2021,-5508.38,696131.528,,
23-12-2021,-6600,689531.528,,
24-12-2021,8330.092,697861.62,,
28-12-2021,10106.05,707967.67,,
29-12-2021,-1195,706772.67,,
30-12-2021,-2200,704572.67,,
31-12-2021,-1590.33,702982.34,,
03-01-2022,-6600,393400,,
04-01-2022,-1673.44,391726.56,,
05-01-2022,-6600,385126.56,,
07-01-2022,13896.47,399023.03,,
10-01-2022,617.4208,399640.4508,,
12-01-2022,2561.469,402201.9198,,
13-01-2022,1013.818,403215.7378,,
17-01-2022,-4400,398815.7378,,
18-01-2022,14012.31,412828.0478,,
19-01-2022,13388.45,426216.4978,,
20-01-2022,3776.88,429993.3778,,
24-01-2022,-2200,427793.3778,,
25-01-2022,-2200,425593.3778,,
27-01-2022,-2200,423393.3778,,
28-01-2022,-6600,416793.3778,,
31-01-2022,-6600,410193.3778,,
01-02-2022,-4400,405793.3778,,
02-02-2022,-2721.26,403072.1178,,
03-02-2022,1612.8,404684.9178,,
04-02-2022,12882.33,417567.2478,,
07-02-2022,-566.294,417000.9538,,
08-02-2022,-2615.04,414385.9138,,
09-02-2022,-4187.89,410198.0238,,
10-02-2022,-2107.34,408090.6838,,
15-02-2022,671.7698,408762.4536,,
16-02-2022,189.3926,408951.8462,,
17-02-2022,7041.169,415993.0152,,
21-02-2022,1797.076,417790.0912,,
22-02-2022,0,417790.0912,,
23-02-2022,20682.5,438472.5912,,
25-02-2022,-6600,431872.5912,,
02-03-2022,-1121.72,430750.8712,,
03-03-2022,-6600,424150.8712,,
07-03-2022,-6600,417550.8712,,34712
08-03-2022,1174.17,418725.0412,,
09-03-2022,-2200,416525.0412,,
10-03-2022,-8800,407725.0412,,
11-03-2022,-2200,405525.0412,,
14-03-2022,-1764.97,403760.0712,,
15-03-2022,11063.65,414823.7212,,
16-03-2022,14624.9,429448.6212,,
17-03-2022,365.7581,429814.3793,,
21-03-2022,5060.783,434875.1623,,
22-03-2022,23915.8,458790.9623,,
23-03-2022,4693.097,463484.0593,,
24-03-2022,960.1498,464444.2091,,
25-03-2022,11930.96,476375.1691,,
28-03-2022,-4400,471975.1691,,
29-03-2022,1873.107,473848.2761,,
30-03-2022,-4403.96,469444.3161,,
31-03-2022,-4400,465044.3161,,
01-04-2022,-2786.97,462257.3461,,
04-04-2022,-2200,460057.3461,,
05-04-2022,-5854.73,454202.6161,,
06-04-2022,8221.395,462424.0111,,
07-04-2022,-6600,455824.0111,,
08-04-2022,1750.124,457574.1351,,
11-04-2022,-2014.17,455559.9651,,
13-04-2022,273.7453,455833.7104,,
18-04-2022,3802.763,459636.4734,,
19-04-2022,15359.05,474995.5234,,
20-04-2022,1758.147,476753.6704,,
21-04-2022,-4400,472353.6704,,
22-04-2022,1622.413,473976.0834,,
26-04-2022,9441.339,483417.4224,,
28-04-2022,-4400,479017.4224,,
29-04-2022,-4400,474617.4224,,
02-05-2022,-4400,470217.4224,,
04-05-2022,2547.139,472764.5614,,
05-05-2022,5945.271,478709.8324,,
10-05-2022,-4400,474309.8324,,
11-05-2022,10345.89,484655.7224,,
13-05-2022,-6600,478055.7224,,
16-05-2022,9112.002,487167.7244,,
17-05-2022,-915.73,486251.9944,,
18-05-2022,515.6581,486767.6525,,
20-05-2022,-2588.94,484178.7125,,
23-05-2022,4255.331,488434.0435,,
24-05-2022,14715.7,503149.7435,,
25-05-2022,-2200,500949.7435,,
26-05-2022,-6600,494349.7435,,
27-05-2022,-6600,487749.7435,,
30-05-2022,-2200,485549.7435,,
31-05-2022,-2200,483349.7435,,
01-06-2022,-119.523,483230.2205,,
02-06-2022,2925.622,486155.8425,,
03-06-2022,12530.17,498686.0125,,
06-06-2022,1343.646,500029.6585,,
07-06-2022,3377.313,503406.9715,,
08-06-2022,-2200,501206.9715,,
09-06-2022,-2200,499006.9715,,
10-06-2022,559.0014,499565.9729,,
15-06-2022,1867.332,501433.3049,,
16-06-2022,25071.98,526505.2849,,
21-06-2022,-6600,519905.2849,,
23-06-2022,3356.403,523261.6879,,
24-06-2022,-2054.09,521207.5979,,
27-06-2022,-6600,514607.5979,,
30-06-2022,6987.169,521594.7669,,
04-07-2022,9928.751,531523.5179,,
05-07-2022,2877.997,534401.5149,,
06-07-2022,-8800,525601.5149,,
07-07-2022,-4197.92,521403.5949,,
08-07-2022,902.4267,522306.0216,,
13-07-2022,1719.942,524025.9636,,
15-07-2022,-6821.25,517204.7136,,
18-07-2022,-6600,510604.7136,,
20-07-2022,9693.574,520298.2876,,
21-07-2022,-4400,515898.2876,,
22-07-2022,26362.54,542260.8276,,
26-07-2022,-4400,537860.8276,,
28-07-2022,-8800,529060.8276,,
29-07-2022,-736.049,528324.7786,,
01-08-2022,-6600,521724.7786,,
04-08-2022,11448.09,533172.8686,,
05-08-2022,6467.815,539640.6836,,
08-08-2022,-410.512,539230.1716,,
10-08-2022,-6600,532630.1716,,
11-08-2022,2169.946,534800.1176,,
12-08-2022,-5242.86,529557.2576,,
16-08-2022,-6600,522957.2576,,
17-08-2022,6902.799,529860.0566,,
19-08-2022,15228.8,545088.8566,,
24-08-2022,1937.944,547026.8006,,
25-08-2022,7442.072,554468.8726,,
26-08-2022,-4412.47,550056.4026,,
30-08-2022,-8800,541256.4026,,
02-09-2022,19888.67,561145.0726,,
05-09-2022,-4400,556745.0726,,
06-09-2022,57.88103,556802.9536,,
08-09-2022,20644.8,577447.7536,,
09-09-2022,6815.16,584262.9136,,
12-09-2022,-2309.06,581953.8536,,
13-09-2022,2155.825,584109.6786,,
15-09-2022,2090.653,586200.3316,,
16-09-2022,-2200,584000.3316,,
19-09-2022,-1925.54,582074.7916,,
20-09-2022,-6600,575474.7916,,
23-09-2022,1059.588,576534.3796,,
27-09-2022,6263.914,582798.2936,,
29-09-2022,2293.703,585091.9966,,
30-09-2022,-8800,576291.9966,,
03-10-2022,1998.965,578290.9616,,
04-10-2022,-4565.7,573725.2616,,
06-10-2022,-2536.83,571188.4316,,
07-10-2022,8114.897,579303.3286,,
11-10-2022,28534.89,607838.2186,,
12-10-2022,10750.38,618588.5986,,
13-10-2022,494.4428,619083.0414,,
14-10-2022,-4983.11,614099.9314,,
18-10-2022,-565.493,613534.4384,,
19-10-2022,8938.297,622472.7354,,
21-10-2022,-2200,620272.7354,,
25-10-2022,-4007.65,616265.0854,,
27-10-2022,-3098.75,613166.3354,,
31-10-2022,-152.139,613014.1964,,
01-11-2022,9286.875,622301.0714,,
03-11-2022,-2200,620101.0714,,
04-11-2022,-4400,615701.0714,,
07-11-2022,-5958.88,609742.1914,,
09-11-2022,1307.045,611049.2364,,
10-11-2022,6567.831,617617.0674,,
11-11-2022,-4228.67,613388.3974,,
14-11-2022,-6600,606788.3974,,
15-11-2022,9750.902,616539.2994,,
16-11-2022,-1415.84,615123.4594,,
18-11-2022,-4400,610723.4594,,
21-11-2022,-3204.59,607518.8694,,
22-11-2022,876.7696,608395.639,,
24-11-2022,-4400,603995.639,,
28-11-2022,2834.584,606830.223,,
29-11-2022,1024.164,607854.387,,
30-11-2022,-2200,605654.387,,
01-12-2022,-4296.11,601358.277,,
02-12-2022,3220.858,604579.135,,
05-12-2022,-4401.34,600177.795,,
07-12-2022,-4400,595777.795,,
09-12-2022,-2078.51,593699.285,,
13-12-2022,1493.534,595192.819,,
14-12-2022,2204.825,597397.644,,
16-12-2022,3626.034,601023.678,,
19-12-2022,6213.828,607237.506,,
21-12-2022,-6600,600637.506,,
26-12-2022,1010.3,601647.806,,
27-12-2022,2334.045,603981.851,,
30-12-2022,-4976.85,599005.001,,
02-01-2023,-1045.35,398954.65,,
03-01-2023,551.7414,399506.3914,,
05-01-2023,4570.07,404076.4614,,
09-01-2023,-8800,395276.4614,,
10-01-2023,-74.4141,395202.0473,,
17-01-2023,-920.687,394281.3603,,
20-01-2023,12704.05,406985.4103,,
23-01-2023,-6600,400385.4103,,
25-01-2023,-2200,398185.4103,,
27-01-2023,-4203.29,393982.1203,,
30-01-2023,71900,465882.1203,,
31-01-2023,2085.298,467967.4183,,
01-02-2023,10620.04,478587.4583,,
03-02-2023,-815.869,477771.5893,,
06-02-2023,-2226.03,475545.5593,,
07-02-2023,-2200,473345.5593,,
08-02-2023,-2386.7,470958.8593,,
09-02-2023,6003.439,476962.2983,,
10-02-2023,-2200,474762.2983,,
13-02-2023,-4400,470362.2983,,
14-02-2023,-2200,468162.2983,,
15-02-2023,14841.14,483003.4383,,
16-02-2023,9634.569,492638.0073,,
20-02-2023,-2200,490438.0073,,
21-02-2023,-2200,488238.0073,,
23-02-2023,-761.085,487476.9223,,
24-02-2023,19632.44,507109.3623,,
01-03-2023,-4400,502709.3623,,
02-03-2023,3729.85,506439.2123,,
03-03-2023,-8800,497639.2123,,
06-03-2023,3903.965,501543.1773,,
08-03-2023,-3268.65,498274.5273,,
09-03-2023,11574.62,509849.1473,,
13-03-2023,12985.82,522834.9673,,
15-03-2023,21066.97,543901.9373,,
16-03-2023,-6600,537301.9373,,
17-03-2023,2894.76,540196.6973,,
20-03-2023,13607.47,553804.1673,,
21-03-2023,-5365.45,548438.7173,,
22-03-2023,16785.13,565223.8473,,
24-03-2023,67.55564,565291.4029,,
31-03-2023,2050.873,567342.2759,,
03-04-2023,1547.799,568890.0749,,
05-04-2023,10989.56,579879.6349,,
06-04-2023,-4400,575479.6349,,
10-04-2023,-2580.05,572899.5849,,
11-04-2023,7723.339,580622.9239,,
12-04-2023,15436.48,596059.4039,,
13-04-2023,-4400,591659.4039,,
17-04-2023,3562.135,595221.5389,,
20-04-2023,-2200,593021.5389,,
21-04-2023,2008.677,595030.2159,,
24-04-2023,181.6685,595211.8844,,
25-04-2023,-4400,590811.8844,,
26-04-2023,-2200,588611.8844,,
27-04-2023,-3397.49,585214.3944,,
28-04-2023,7035.91,592250.3044,,
02-05-2023,-3315.24,588935.0644,,
03-05-2023,2940.431,591875.4954,,
04-05-2023,-1293.27,590582.2254,,28425
05-05-2023,-2305.64,588276.5854,,
08-05-2023,-2144.96,586131.6254,,
09-05-2023,-4400,581731.6254,,
10-05-2023,-151.468,581580.1574,,
11-05-2023,-7011.89,574568.2674,,
12-05-2023,1149.591,575717.8584,,
15-05-2023,716.0072,576433.8656,,
16-05-2023,-8800,567633.8656,,
17-05-2023,11809.99,579443.8556,,
18-05-2023,23460.23,602904.0856,,
19-05-2023,-315.651,602588.4346,,
22-05-2023,-4400,598188.4346,,
23-05-2023,5350.984,603539.4186,,
24-05-2023,14640.27,618179.6886,,
25-05-2023,3916.719,622096.4076,,
26-05-2023,-2200,619896.4076,,
29-05-2023,-1763.16,618133.2476,,
31-05-2023,-4400,613733.2476,,
01-06-2023,-2109.96,611623.2876,,
02-06-2023,10851.33,622474.6176,,
05-06-2023,-4400,618074.6176,,
06-06-2023,3572.079,621646.6966,,
07-06-2023,-4400,617246.6966,,
08-06-2023,36947.36,654194.0566,,
09-06-2023,399.3689,654593.4255,,
12-06-2023,-2344.8,652248.6255,,
13-06-2023,-504.046,651744.5795,,
14-06-2023,-1367.14,650377.4395,,
15-06-2023,-313.738,650063.7015,,
16-06-2023,-3772.35,646291.3515,,
19-06-2023,-2644.44,643646.9115,,
20-06-2023,-954.012,642692.8995,,
21-06-2023,-914.706,641778.1935,,
22-06-2023,18039.23,659817.4235,,
26-06-2023,-3214.8,656602.6235,,
27-06-2023,-2457.03,654145.5935,,
28-06-2023,2026.222,656171.8155,,
30-06-2023,-6600,649571.8155,,
03-07-2023,1540.367,651112.1825,,
04-07-2023,-6600,644512.1825,,
05-07-2023,4929.525,649441.7075,,
06-07-2023,2041.713,651483.4205,,
07-07-2023,3401.026,654884.4465,,
11-07-2023,-2200,652684.4465,,
13-07-2023,-6600,646084.4465,,
14-07-2023,-4583.9,641500.5465,,
17-07-2023,13939.16,655439.7065,,
18-07-2023,1774.813,657214.5195,,
19-07-2023,-2068.26,655146.2595,,
20-07-2023,7002.381,662148.6405,,
21-07-2023,-4400,657748.6405,,
24-07-2023,-4454.71,653293.9305,,
25-07-2023,6693.629,659987.5595,,
26-07-2023,-6600,653387.5595,,
27-07-2023,-8800,644587.5595,,
28-07-2023,-4400,640187.5595,,
31-07-2023,-5762.94,634424.6195,,
01-08-2023,6696.31,641120.9295,,
02-08-2023,-2200,638920.9295,,
03-08-2023,9200.025,648120.9545,,
04-08-2023,7263.12,655384.0745,,
07-08-2023,-4400,650984.0745,,
08-08-2023,3274.765,654258.8395,,
09-08-2023,16702.09,670960.9295,,
10-08-2023,-4400,666560.9295,,
11-08-2023,4133.139,670694.0685,,
14-08-2023,-4400,666294.0685,,
16-08-2023,-2200,664094.0685,,
17-08-2023,5753.651,669847.7195,,
21-08-2023,2802.742,672650.4615,,
22-08-2023,-6600,666050.4615,,
23-08-2023,-4224.77,661825.6915,,
24-08-2023,23406.29,685231.9815,,
25-08-2023,-2200,683031.9815,,
28-08-2023,510.0993,683542.0808,,
29-08-2023,2826.69,686368.7708,,
30-08-2023,5316.264,691685.0348,,
31-08-2023,1083.719,692768.7538,,